nom,nom_norm,ID,pays,discipline,année,médaille,saison
Michael Fred Phelps,Michael Phelps,187888,United States,Swimming,2004,28,Summer
Ryan Steven Lochte,Ryan Lochte,141425,United States,Swimming,2004,12,Summer
Jennifer Elisabeth Jenny Thompson (-Cumpelik),Jennifer Thompson,239224,United States,Swimming,1992,12,Summer
Natalie Anne Coughlin (-Hall),Natalie Coughlin,45404,United States,Swimming,2004,12,Summer
Allyson Michelle Felix,Allyson Felix,67598,United States,Athletics,2004,9,Summer
Dara Grace Torres,Dara Torres,242078,United States,Swimming,1992,9,Summer
Allison Rodgers Schmitt,Allison Schmitt,213437,United States,Swimming,2008,8,Summer
Jason Edward Lezak,Jason Lezak,137858,United States,Swimming,2000,8,Summer
Nathan Ghar-Jun Adrian,Nathan Adrian,1843,United States,Swimming,2008,8,Summer
Aaron Wells Peirsol,Aaron Peirsol,184573,United States,Swimming,2000,7,Summer
Alexandra Rose Aly Raisman,Alexandra Raisman,196043,United States,Gymnastics,2012,6,Summer
Amanda Ray Beard (-Brown),Amanda Beard,16847,United States,Swimming,1996,7,Summer
Amy Deloris Van Dyken (-Rouen),Amy Dyken,248806,United States,Swimming,1996,6,Summer
Anastasiya Valeryevna Nastia Liukin,Anastasiya Liukin,140842,United States,Gymnastics,2008,5,Summer
Brendan Joseph Hansen,Brendan Hansen,90161,United States,Swimming,2004,6,Summer
DRESSEL Caeleb,DRESSEL Caeleb,3337,United States,Swimming,2020,5,Summer
Dana Whitney Vollmer (-Grant),Dana Vollmer,254061,United States,Swimming,2004,7,Summer
Ian Lowell Crocker,Ian Crocker,46242,United States,Swimming,2000,5,Summer
Jon C. Olsen,Jon Olsen,176767,United States,Swimming,1992,5,Summer
Joshua Clark Josh Davis,Joshua Davis,49873,United States,Swimming,1996,5,Summer
Justin Alexander Gatlin,Justin Gatlin,76917,United States,Athletics,2004,5,Summer
Kathleen Genevieve Katie Ledecky,Kathleen Ledecky,134631,United States,Swimming,2012,6,Summer
Kimberly Susan Kim Rhode (-Harryman),Kimberly Rhode,199717,United States,Shooting,1996,6,Summer
Klete D. Keller,Klete Keller,115517,United States,Swimming,2000,5,Summer
Matthew Matt Grevers,Matthew Grevers,84265,United States,Swimming,2008,6,Summer
Melissa Jeanette Missy Franklin,Melissa Franklin,72309,United States,Swimming,2012,6,Summer
Rebecca Soni,Rebecca Soni,225249,United States,Swimming,2008,6,Summer
Sanya Richards-Ross,Sanya Richards-Ross,200133,United States,Athletics,2004,5,Summer
Simone Arianne Biles,Simone Biles,21758,United States,Gymnastics,2016,5,Summer
Venus Ebony Starr Williams,Venus Williams,261158,United States,Tennis,2000,5,Summer
Aleksey Yuryevich Nemov,Aleksey Nemov,169657,Russia,Gymnastics,1996,12,Summer
Aliya Farkhatovna Mustafina,Aliya Mustafina,166652,Russia,Gymnastics,2012,7,Summer
Svetlana Vasilyevna Khorkina,Svetlana Khorkina,117256,Russia,Gymnastics,1996,7,Summer
Tatyana Romanovna Lebedeva,Tatyana Lebedeva,134327,Russia,Athletics,2000,5,Summer
Denis Mikhaylovich Ablyazin,Denis Ablyazin,789,Russia,Gymnastics,2012,5,Summer
Anastasiya Semyonovna Davydova,Anastasiya Davydova,50040,Russia,Synchronized Swimming,2004,5,Summer
Nataliya Sergeyevna Ishchenko,Nataliya Ishchenko,103709,Russia,Synchronized Swimming,2008,5,Summer
Svetlana Alekseyevna Romashina,Svetlana Romashina,203709,Russia,Synchronized Swimming,2008,5,Summer
Yuliya Vladimirovna Pakhalina,Yuliya Pakhalina,180408,Russia,Diving,2000,5,Summer
Mariya Valeryevna Paseka,Mariya Paseka,182832,Russia,Gymnastics,2012,4,Summer
Franziska van Almsick,Franziska Almsick,247933,Germany,Swimming,1992,10,Summer
Isabelle Regina Werth,Isabelle Werth,259131,Germany,Equestrianism,1992,10,Summer
Birgit Fischer-Schmidt,Birgit Fischer-Schmidt,69805,Germany,Canoeing,1992,8,Summer
Dagmar Hase,Dagmar Hase,91521,Germany,Swimming,1992,7,Summer
Katrin Wagner-Augustin,Katrin Wagner-Augustin,255515,Germany,Canoeing,2000,6,Summer
Andreas Dittmer,Andreas Dittmer,56160,Germany,Canoeing,1996,5,Summer
Antje Buschschulte (-Meeuw),Antje Buschschulte,32693,Germany,Swimming,1996,5,Summer
Kathrin Boron (-Kppen),Kathrin Boron,26043,Germany,Rowing,1992,5,Summer
Jens Fiedler,Jens Fiedler,68976,Germany,Cycling,1992,5,Summer
Ronald Rauhe,Ronald Rauhe,197517,Germany,Canoeing,2000,4,Summer
Ian James Thorpe,Ian Thorpe,239615,Australia,Swimming,2000,9,Summer
Leisel Marie Jones,Leisel Jones,110135,Australia,Swimming,2000,9,Summer
Susan Susie O'Neill,Susan O'Neill,177255,Australia,Swimming,1992,8,Summer
Petria Ann Thomas (-Jones),Petria Thomas,239046,Australia,Swimming,1996,8,Summer
Grant George Hackett,Grant Hackett,87895,Australia,Swimming,2000,7,Summer
McKEON Emma,McKEON Emma,8481,Australia,Swimming,2020,7,Summer
Lisbeth Constance Libby Lenton-Trickett,Lisbeth Lenton-Trickett,136710,Australia,Swimming,2004,7,Summer
Anna Maree Devenish Meares,Anna Meares,155384,Australia,Cycling,2004,6,Summer
Michael George Klim,Michael Klim,121079,Australia,Swimming,1996,6,Summer
Cate Natalie Campbell,Cate Campbell,34318,Australia,Swimming,2008,5,Summer
Alicia Jayne Coutts,Alicia Coutts,45575,Australia,Swimming,2012,5,Summer
Bradley John Brad McGee,Bradley McGee,154441,Australia,Cycling,1996,5,Summer
Brittany Joyce Elmslie,Brittany Elmslie,63208,Australia,Swimming,2012,5,Summer
Emily Jane Seebohm,Emily Seebohm,215509,Australia,Swimming,2008,5,Summer
Melanie Rene Mel Schlanger (-Wright),Melanie Schlanger,212960,Australia,Swimming,2008,5,Summer
Wu Minxia,Wu Minxia,263395,China,Diving,2004,7,Summer
Guo Jingjing,Guo Jingjing,86684,China,Diving,2000,6,Summer
Zou Kai,Zou Kai,270431,China,Gymnastics,2008,6,Summer
Sun Yang,Sun Yang,232226,China,Swimming,2012,6,Summer
Li Xiaoshuang,Li Xiaoshuang,138416,China,Gymnastics,1992,6,Summer
Li Xiaopeng,Li Xiaopeng,138388,China,Gymnastics,2000,5,Summer
Fu Mingxia,Fu Mingxia,73581,China,Diving,1992,5,Summer
Yang Wei,Yang Wei,264863,China,Gymnastics,2000,5,Summer
Wang Hao,Wang Hao,256546,China,Table Tennis,2004,5,Summer
Qin Kai,Qin Kai,194815,China,Diving,2008,5,Summer
Chen Ruolin,Chen Ruolin,39374,China,Diving,2008,5,Summer
Huang Xuechen,Huang Xuechen,100131,China,Synchronized Swimming,2008,5,Summer
Wang Nan,Wang Nan,256706,China,Table Tennis,2000,5,Summer
Wang Yifu,Wang Yifu,256884,China,Shooting,1992,5,Summer
Bradley Marc Wiggins,Bradley Wiggins,260396,Great Britain,Cycling,2000,8,Summer
Jason Francis Kenny,Jason Kenny,115988,Great Britain,Cycling,2008,7,Summer
Christopher Andrew Chris Hoy,Christopher Hoy,99551,Great Britain,Cycling,2000,7,Summer
Max Antony Whitlock,Max Whitlock,259824,Great Britain,Gymnastics,2012,5,Summer
Katherine Jane Grainger,Katherine Grainger,83275,Great Britain,Rowing,2000,5,Summer
Charles Benedict Ben Ainslie,Charles Ainslie,2688,Great Britain,Sailing,1996,5,Summer
Edward Ed Clancy,Edward Clancy,42159,Great Britain,Cycling,2008,4,Summer
Charlotte Susan Jane Dujardin,Charlotte Dujardin,59553,Great Britain,Equestrianism,2012,4,Summer
Laura Rebecca Trott,Laura Trott,243744,Great Britain,Cycling,2012,4,Summer
SCOTT Duncan,SCOTT Duncan,11892,Great Britain,Swimming,2020,4,Summer
Laura lodie Flessel-Colovic,Laura Flessel-Colovic,70320,France,Fencing,1996,5,Summer
Alain Andr Louis Edmond Bernard,Alain Bernard,20238,France,Swimming,2008,4,Summer
Amaury Raymond Leveaux,Amaury Leveaux,137496,France,Swimming,2008,4,Summer
Grgory Benot Baug,Grgory Baug,16250,France,Cycling,2008,4,Summer
Arnaud Pierre Armand Tournant,Arnaud Tournant,242559,France,Cycling,2000,4,Summer
Jeannie Longo-Ciprelli,Jeannie Longo-Ciprelli,142006,France,Cycling,1992,4,Summer
Florian Georges Philippe Rousseau,Florian Rousseau,205067,France,Cycling,1996,4,Summer
Camille-Marie Manuella Muffat,Camille-Marie Muffat,165045,France,Swimming,2012,3,Summer
Hugues Duboscq,Hugues Duboscq,59168,France,Swimming,2004,3,Summer
Marie-Jos Juliana Prec (Hontas-),Marie-Jos Prec,185323,France,Athletics,1992,3,Summer
Theodora Elisabeth Gerarda Anky van Grunsven,Theodora Grunsven,248930,Netherlands,Equestrianism,1992,9,Summer
Inge de Bruijn,Inge Bruijn,50497,Netherlands,Swimming,2000,8,Summer
Pieter Cornelis Martijn van den Hoogenband,Pieter Hoogenband,248365,Netherlands,Swimming,2000,7,Summer
Leontine Martha Henrica Petronella Leontien Zijlaard-van Moorsel,Leontine Moorsel,269757,Netherlands,Cycling,2000,6,Summer
Teun Floris de Nooijer,Teun Nooijer,51548,Netherlands,Hockey,1996,4,Summer
Ranomi Kromowidjojo,Ranomi Kromowidjojo,127454,Netherlands,Swimming,2008,4,Summer
Magdalena Johanna Maria Marleen Veldhuis,Magdalena Veldhuis,251047,Netherlands,Swimming,2004,4,Summer
Augustinus Wilhelmus Johannes Marines Guus Vogels,Augustinus Vogels,253739,Netherlands,Hockey,1996,3,Summer
Diederik Rudolf Simon,Diederik Simon,220533,Netherlands,Rowing,1996,3,Summer
Naomi Frances van As,Naomi As,247970,Netherlands,Hockey,2008,3,Summer
Kosuke Kitajima,Kosuke Kitajima,120309,Japan,Swimming,2004,7,Summer
Kohei Uchimura,Kohei Uchimura,245722,Japan,Gymnastics,2008,7,Summer
Miho Takeda,Miho Takeda,235340,Japan,Synchronized Swimming,1996,5,Summer
Ryoko Tamura-Tani,Ryoko Tamura-Tani,235835,Japan,Judo,1992,5,Summer
Miya Tachibana,Miya Tachibana,234754,Japan,Synchronized Swimming,1996,5,Summer
Kosuke Hagino,Kosuke Hagino,88236,Japan,Swimming,2012,4,Summer
Saori Yoshida,Saori Yoshida,266100,Japan,Wrestling,2004,4,Summer
Kaori Icho,Kaori Icho,102014,Japan,Wrestling,2004,4,Summer
Takeshi Matsuda,Takeshi Matsuda,152543,Japan,Swimming,2008,4,Summer
Hiroyuki Tomita,Hiroyuki Tomita,241458,Japan,Gymnastics,2004,3,Summer
Maria Valentina Vezzali,Maria Vezzali,252115,Italy,Fencing,1996,9,Summer
Giovanna Trillini,Giovanna Trillini,243444,Italy,Fencing,1992,8,Summer
Antonio Rossi,Antonio Rossi,204611,Italy,Canoeing,1992,5,Summer
Salvatore Sanzo,Salvatore Sanzo,210465,Italy,Fencing,2000,4,Summer
Luigi Tarantino,Luigi Tarantino,236506,Italy,Fencing,1996,4,Summer
Samuele Papi,Samuele Papi,181594,Italy,Volleyball,1996,4,Summer
Giovanni Pellielo,Giovanni Pellielo,184808,Italy,Shooting,2000,4,Summer
Beniamino Bonomi,Beniamino Bonomi,25384,Italy,Canoeing,1996,4,Summer
Aldo Montano,Aldo Montano,162223,Italy,Fencing,2004,4,Summer
Rossano Galtarossa,Rossano Galtarossa,75242,Italy,Rowing,1992,4,Summer
